0.000000000000000000e+00,3.000000000000000000e+00,-2.000001668930053711e+00,-2.850589575245976448e-03,9.999781847000122070e-01,6.604737602174282074e-03,-1.938596852490981348e-14,-2.935097043882395340e-12
2.000000000000000111e-01,3.000000000000000000e+00,-2.025749444961547852e+00,1.159434467554092407e-01,9.978033304214477539e-01,6.624628603458404541e-02,-4.732348627550786446e-12,-7.127876067158922524e-11
4.000000000000000222e-01,3.000000000000000000e+00,-2.130964517593383789e+00,4.774926602840423584e-01,9.973512887954711914e-01,7.273550331592559814e-02,-1.681292431665593057e-11,-2.305392821089213840e-10
6.000000000000000888e-01,3.000000000000000000e+00,-2.328194379806518555e+00,1.072037220001220703e+00,9.972863793373107910e-01,7.362008094787597656e-02,-0.000000000000000000e+00,-0.000000000000000000e+00
8.000000000000000444e-01,3.000000000000000000e+00,-2.592090606689453125e+00,1.761077880859375000e+00,9.974036216735839844e-01,7.201369106769561768e-02,-0.000000000000000000e+00,-0.000000000000000000e+00
1.000000000000000000e+00,3.000000000000000000e+00,-2.926302671432495117e+00,2.461584329605102539e+00,9.979051351547241211e-01,6.469420343637466431e-02,-0.000000000000000000e+00,-0.000000000000000000e+00
1.200000000000000178e+00,3.000000000000000000e+00,-3.299195766448974609e+00,3.116407632827758789e+00,9.986184239387512207e-01,5.254701152443885803e-02,-0.000000000000000000e+00,-0.000000000000000000e+00
1.400000000000000133e+00,3.000000000000000000e+00,-3.699311971664428711e+00,3.742995262145996094e+00,9.992767572402954102e-01,3.802567720413208008e-02,-0.000000000000000000e+00,-0.000000000000000000e+00
1.600000000000000089e+00,3.000000000000000000e+00,-4.140887260437011719e+00,4.395009994506835938e+00,9.997597932815551758e-01,2.191614918410778046e-02,-0.000000000000000000e+00,-0.000000000000000000e+00
1.800000000000000044e+00,3.000000000000000000e+00,-4.599544525146484375e+00,5.065817356109619141e+00,9.999837875366210938e-01,5.693804007023572922e-03,-0.000000000000000000e+00,-0.000000000000000000e+00
2.000000000000000000e+00,3.000000000000000000e+00,-5.075563907623291016e+00,5.784734249114990234e+00,9.999521970748901367e-01,-9.780570864677429199e-03,0.000000000000000000e+00,-0.000000000000000000e+00
2.200000000000000178e+00,3.000000000000000000e+00,-5.528350830078125000e+00,6.510563850402832031e+00,9.997723698616027832e-01,-2.133669517934322357e-02,0.000000000000000000e+00,-0.000000000000000000e+00
2.400000000000000355e+00,3.000000000000000000e+00,-5.956105232238769531e+00,7.243627071380615234e+00,9.996433258056640625e-01,-2.670700289309024811e-02,0.000000000000000000e+00,-0.000000000000000000e+00
2.600000000000000089e+00,3.000000000000000000e+00,-6.355892658233642578e+00,7.972354412078857422e+00,9.996541142463684082e-01,-2.629834786057472229e-02,0.000000000000000000e+00,-0.000000000000000000e+00
2.800000000000000266e+00,3.000000000000000000e+00,-6.746405601501464844e+00,8.722194671630859375e+00,9.997653961181640625e-01,-2.165939658880233765e-02,0.000000000000000000e+00,-0.000000000000000000e+00
3.000000000000000000e+00,3.000000000000000000e+00,-7.118885517120361328e+00,9.465578079223632812e+00,9.998922348022460938e-01,-1.468174625188112259e-02,0.000000000000000000e+00,-0.000000000000000000e+00
3.200000000000000178e+00,3.000000000000000000e+00,-7.478901386260986328e+00,1.019945526123046875e+01,9.999762177467346191e-01,-6.898864172399044037e-03,0.000000000000000000e+00,-0.000000000000000000e+00
3.400000000000000355e+00,3.000000000000000000e+00,-7.832532882690429688e+00,1.092246532440185547e+01,9.999998807907104492e-01,4.672348732128739357e-04,-0.000000000000000000e+00,-0.000000000000000000e+00
3.600000000000000089e+00,3.000000000000000000e+00,-8.185482025146484375e+00,1.163474178314208984e+01,9.999797344207763672e-01,6.366549059748649597e-03,-0.000000000000000000e+00,-0.000000000000000000e+00
3.800000000000000266e+00,3.000000000000000000e+00,-8.536943435668945312e+00,1.232769298553466797e+01,9.999509453773498535e-01,9.903705678880214691e-03,-0.000000000000000000e+00,-0.000000000000000000e+00
4.000000000000000000e+00,3.000000000000000000e+00,-8.900381088256835938e+00,1.302528762817382812e+01,9.999390244483947754e-01,1.104247383773326874e-02,-0.000000000000000000e+00,-0.000000000000000000e+00
4.200000000000000178e+00,3.000000000000000000e+00,-9.260314941406250000e+00,1.369941234588623047e+01,9.999476671218872070e-01,1.022979710251092911e-02,-0.000000000000000000e+00,-0.000000000000000000e+00
4.400000000000000355e+00,3.000000000000000000e+00,-9.649695396423339844e+00,1.441966629028320312e+01,9.999948740005493164e-01,-3.200581064447760582e-03,0.000000000000000000e+00,-0.000000000000000000e+00
4.600000000000000533e+00,3.000000000000000000e+00,-1.001399230957031250e+01,1.509414672851562500e+01,9.824128150939941406e-01,-1.867217421531677246e-01,0.000000000000000000e+00,-0.000000000000000000e+00
4.800000000000000711e+00,3.000000000000000000e+00,-1.030171966552734375e+01,1.559389972686767578e+01,9.664018154144287109e-01,-2.570359408855438232e-01,0.000000000000000000e+00,-0.000000000000000000e+00
5.000000000000000000e+00,3.000000000000000000e+00,-1.045674896240234375e+01,1.593533802032470703e+01,9.613644480705261230e-01,-2.752788364887237549e-01,0.000000000000000000e+00,-0.000000000000000000e+00
5.200000000000000178e+00,3.000000000000000000e+00,-1.048711490631103516e+01,1.608258819580078125e+01,9.666464328765869141e-01,-2.561146616935729980e-01,0.000000000000000000e+00,-0.000000000000000000e+00
5.400000000000000355e+00,3.000000000000000000e+00,-1.038436698913574219e+01,1.608005142211914062e+01,9.770680665969848633e-01,-2.129272222518920898e-01,0.000000000000000000e+00,-0.000000000000000000e+00
5.600000000000000533e+00,3.000000000000000000e+00,-1.016225147247314453e+01,1.594269084930419922e+01,9.857553839683532715e-01,-1.681853681802749634e-01,0.000000000000000000e+00,-0.000000000000000000e+00
5.800000000000000711e+00,3.000000000000000000e+00,-9.840251922607421875e+00,1.571468353271484375e+01,9.914591312408447266e-01,-1.304175555706024170e-01,0.000000000000000000e+00,-0.000000000000000000e+00
6.000000000000000000e+00,3.000000000000000000e+00,-9.428848266601562500e+00,1.547080993652343750e+01,9.947651028633117676e-01,-1.021877825260162354e-01,0.000000000000000000e+00,-0.000000000000000000e+00
6.200000000000000178e+00,3.000000000000000000e+00,-8.901017189025878906e+00,1.535452461242675781e+01,9.973567128181457520e-01,-7.266079634428024292e-02,0.000000000000000000e+00,-0.000000000000000000e+00
6.400000000000000355e+00,3.000000000000000000e+00,-8.285037040710449219e+00,1.537494468688964844e+01,9.985349774360656738e-01,-5.411033704876899719e-02,0.000000000000000000e+00,-0.000000000000000000e+00
6.600000000000000533e+00,3.000000000000000000e+00,-7.637229919433593750e+00,1.539117431640625000e+01,9.991771578788757324e-01,-4.055895283818244934e-02,0.000000000000000000e+00,-0.000000000000000000e+00
6.800000000000000711e+00,3.000000000000000000e+00,-6.950189590454101562e+00,1.540080451965332031e+01,9.995339512825012207e-01,-3.052707575261592865e-02,0.000000000000000000e+00,-0.000000000000000000e+00
7.000000000000000000e+00,3.000000000000000000e+00,-6.252123355865478516e+00,1.540642166137695312e+01,9.997254014015197754e-01,-2.343367412686347961e-02,0.000000000000000000e+00,-0.000000000000000000e+00
7.200000000000000178e+00,3.000000000000000000e+00,-5.560346126556396484e+00,1.540975570678710938e+01,9.998294115066528320e-01,-1.847116649150848389e-02,0.000000000000000000e+00,-0.000000000000000000e+00
7.400000000000000355e+00,3.000000000000000000e+00,-4.836380004882812500e+00,1.541188907623291016e+01,9.998906850814819336e-01,-1.478480082005262375e-02,0.000000000000000000e+00,-0.000000000000000000e+00
7.600000000000000533e+00,3.000000000000000000e+00,-4.104354381561279297e+00,1.541320800781250000e+01,9.999266266822814941e-01,-1.211309060454368591e-02,0.000000000000000000e+00,-0.000000000000000000e+00
7.800000000000000711e+00,3.000000000000000000e+00,-3.366476058959960938e+00,1.541401195526123047e+01,9.999480843544006348e-01,-1.019174233078956604e-02,0.000000000000000000e+00,-0.000000000000000000e+00
8.000000000000000000e+00,3.000000000000000000e+00,-2.613238096237182617e+00,1.541447067260742188e+01,9.999614953994750977e-01,-8.772871457040309906e-03,0.000000000000000000e+00,-0.000000000000000000e+00
8.200000000000001066e+00,3.000000000000000000e+00,-1.890245199203491211e+00,1.541468238830566406e+01,9.999695420265197754e-01,-7.804048247635364532e-03,0.000000000000000000e+00,-0.000000000000000000e+00
8.400000000000000355e+00,3.000000000000000000e+00,-1.120427250862121582e+00,1.541473579406738281e+01,9.999751448631286621e-01,-7.049595471471548080e-03,0.000000000000000000e+00,-0.000000000000000000e+00
8.599999999999999645e+00,3.000000000000000000e+00,-3.936258554458618164e-01,1.541466617584228516e+01,9.999787807464599609e-01,-6.513245869427919388e-03,0.000000000000000000e+00,-0.000000000000000000e+00
8.800000000000000711e+00,3.000000000000000000e+00,3.791404366493225098e-01,1.541450405120849609e+01,9.999814033508300781e-01,-6.094073411077260971e-03,0.000000000000000000e+00,-0.000000000000000000e+00
9.000000000000000000e+00,3.000000000000000000e+00,1.119175791740417480e+00,1.541428184509277344e+01,9.999833106994628906e-01,-5.776097532361745834e-03,0.000000000000000000e+00,-0.000000000000000000e+00
9.200000000000001066e+00,3.000000000000000000e+00,1.859812140464782715e+00,1.541402530670166016e+01,9.999841451644897461e-01,-5.631756503134965897e-03,0.000000000000000000e+00,-0.000000000000000000e+00
9.400000000000000355e+00,3.000000000000000000e+00,2.589673757553100586e+00,1.541371536254882812e+01,9.999849200248718262e-01,-5.496203899383544922e-03,0.000000000000000000e+00,-0.000000000000000000e+00
9.600000000000001421e+00,3.000000000000000000e+00,3.342352151870727539e+00,1.541339683532714844e+01,9.999855160713195801e-01,-5.386483389884233475e-03,0.000000000000000000e+00,-0.000000000000000000e+00
9.800000000000000711e+00,3.000000000000000000e+00,4.095296382904052734e+00,1.541302776336669922e+01,9.999858736991882324e-01,-5.314046051353216171e-03,0.000000000000000000e+00,-0.000000000000000000e+00
1.000000000000000000e+01,3.000000000000000000e+00,4.848443031311035156e+00,1.541264533996582031e+01,9.999861717224121094e-01,-5.256522446870803833e-03,0.000000000000000000e+00,-0.000000000000000000e+00
1.020000000000000107e+01,3.000000000000000000e+00,5.579260826110839844e+00,1.541227245330810547e+01,9.999863505363464355e-01,-5.228826776146888733e-03,0.000000000000000000e+00,-0.000000000000000000e+00
1.040000000000000036e+01,3.000000000000000000e+00,6.343945980072021484e+00,1.541188430786132812e+01,9.999865293502807617e-01,-5.191542208194732666e-03,0.000000000000000000e+00,-0.000000000000000000e+00
1.060000000000000142e+01,3.000000000000000000e+00,7.097490310668945312e+00,1.541150093078613281e+01,9.999867677688598633e-01,-5.147866904735565186e-03,0.000000000000000000e+00,-0.000000000000000000e+00
1.080000000000000071e+01,3.000000000000000000e+00,7.862366676330566406e+00,1.541111183166503906e+01,9.999867677688598633e-01,-5.143606569617986679e-03,0.000000000000000000e+00,-0.000000000000000000e+00
1.100000000000000000e+01,3.000000000000000000e+00,8.604822158813476562e+00,1.541073322296142578e+01,9.999867081642150879e-01,-5.155857186764478683e-03,-1.373087532563488367e-09,2.663124973878439050e-07
1.120000000000000107e+01,3.000000000000000000e+00,9.357291221618652344e+00,1.535726547241210938e+01,9.995666146278381348e-01,2.943721786141395569e-02,7.839604521109322377e-09,2.662006579612352652e-07
1.140000000000000036e+01,3.000000000000000000e+00,1.006796932220458984e+01,1.512997055053710938e+01,9.843835234642028809e-01,1.760371327400207520e-01,-1.179230935122177470e-08,2.726497996263788082e-07
1.160000000000000142e+01,3.000000000000000000e+00,1.068547439575195312e+01,1.480534553527832031e+01,9.669846892356872559e-01,2.548344433307647705e-01,-5.763677535242095473e-08,1.518931469490780728e-08
1.180000000000000071e+01,3.000000000000000000e+00,1.098592472076416016e+01,1.463687610626220703e+01,9.649547934532165527e-01,2.624162733554840088e-01,-5.751578413537572487e-08,1.564122698027858860e-08
1.200000000000000000e+01,3.000000000000000000e+00,1.108190155029296875e+01,1.443745613098144531e+01,9.738345742225646973e-01,2.272579371929168701e-01,2.477385407928522909e-09,2.728934305196162313e-07
1.220000000000000107e+01,3.000000000000000000e+00,1.103080272674560547e+01,1.414445781707763672e+01,9.828592538833618164e-01,1.843576431274414062e-01,-9.485567886713397456e-09,2.727397827584354673e-07
1.240000000000000036e+01,3.000000000000000000e+00,1.086137390136718750e+01,1.375642013549804688e+01,9.895613789558410645e-01,1.441119313240051270e-01,-2.060313164520266582e-08,2.721258169913198799e-07
1.260000000000000142e+01,3.000000000000000000e+00,1.059839057922363281e+01,1.330994796752929688e+01,9.938616752624511719e-01,1.106300801038742065e-01,-2.977619573130141362e-08,2.712754394451621920e-07
1.280000000000000071e+01,3.000000000000000000e+00,1.026521587371826172e+01,1.282547473907470703e+01,9.965158700942993164e-01,8.340315520763397217e-02,-3.718537300301250070e-08,2.703593793285108404e-07
1.300000000000000000e+01,3.000000000000000000e+00,9.850699424743652344e+00,1.227200317382812500e+01,9.982404112815856934e-01,5.929658561944961548e-02,-4.370812689558079001e-08,2.693818146326520946e-07
1.320000000000000107e+01,3.000000000000000000e+00,9.419514656066894531e+00,1.171520137786865234e+01,9.992227554321289062e-01,3.941909223794937134e-02,1.049793763030493210e-08,2.661090832134505035e-07
1.340000000000000036e+01,3.000000000000000000e+00,8.948941230773925781e+00,1.110179519653320312e+01,9.998035430908203125e-01,1.982144638895988464e-02,5.278769865668664352e-09,2.662637541561707621e-07
1.360000000000000142e+01,3.000000000000000000e+00,8.458881378173828125e+00,1.043193435668945312e+01,9.999986290931701660e-01,-1.637842971831560135e-03,-4.361838668032191890e-10,2.663156806193001103e-07
1.380000000000000071e+01,3.000000000000000000e+00,7.992870807647705078e+00,9.744210243225097656e+00,9.996640682220458984e-01,-2.591897733509540558e-02,-6.902640237171908666e-09,2.662266069819452241e-07
1.400000000000000000e+01,3.000000000000000000e+00,7.532413005828857422e+00,8.997081756591796875e+00,9.985940456390380859e-01,-5.300884321331977844e-02,-1.411710748300265550e-08,2.659416509231959935e-07
1.420000000000000107e+01,3.000000000000000000e+00,7.112882137298583984e+00,8.237258911132812500e+00,9.976176619529724121e-01,-6.898582726716995239e-02,-1.837203456034330884e-08,2.656816207036172273e-07
1.440000000000000036e+01,3.000000000000000000e+00,6.747528553009033203e+00,7.474122047424316406e+00,9.974348545074462891e-01,-7.157971709966659546e-02,-1.906282953711979644e-08,2.656329343153629452e-07
1.460000000000000142e+01,3.000000000000000000e+00,6.433751583099365234e+00,6.692326545715332031e+00,9.979677200317382812e-01,-6.372144818305969238e-02,-1.697004670120350056e-08,2.657748439105489524e-07
1.480000000000000071e+01,3.000000000000000000e+00,6.178097248077392578e+00,5.923861503601074219e+00,9.987386465072631836e-01,-5.021118745207786560e-02,-1.337204835749616905e-08,2.659801907611836214e-07
1.500000000000000000e+01,3.000000000000000000e+00,5.960566997528076172e+00,5.147820472717285156e+00,9.994493126869201660e-01,-3.318302705883979797e-02,-8.837174547693393833e-09,2.661694509242806816e-07
1.520000000000000107e+01,3.000000000000000000e+00,5.763140678405761719e+00,4.347244262695312500e+00,9.999123811721801758e-01,-1.323738880455493927e-02,-3.525329583808911593e-09,2.662927442997897742e-07
1.540000000000000036e+01,3.000000000000000000e+00,5.582559585571289062e+00,3.580755949020385742e+00,9.999737739562988281e-01,7.243655156344175339e-03,1.929101767217389352e-09,2.663090867827122565e-07
1.560000000000000142e+01,3.000000000000000000e+00,5.393610000610351562e+00,2.828172922134399414e+00,9.996449947357177734e-01,2.664262801408767700e-02,-1.336466084467247128e-04,-3.182301043125335127e-06
1.580000000000000071e+01,2.995411634445190430e+00,5.171624183654785156e+00,2.225953578948974609e+00,9.965395331382751465e-01,7.834336161613464355e-02,-2.775772660970687866e-02,-8.773626759648323059e-04
1.600000000000000000e+01,2.955352067947387695e+00,4.847674846649169922e+00,1.886678695678710938e+00,9.945939183235168457e-01,9.145121276378631592e-02,-4.914236068725585938e-02,-2.115693408995866776e-03
1.619999999999999929e+01,2.851594448089599609e+00,4.406351566314697266e+00,1.805402159690856934e+00,9.952220916748046875e-01,7.892160862684249878e-02,-5.738047882914543152e-02,-3.454809077084064484e-03
1.640000000000000213e+01,2.686640501022338867e+00,3.889478445053100586e+00,1.907448530197143555e+00,9.967178106307983398e-01,5.783383548259735107e-02,-5.645994842052459717e-02,-4.605785012245178223e-03
1.660000000000000142e+01,2.467366933822631836e+00,3.296642303466796875e+00,1.999854445457458496e+00,9.981805086135864258e-01,3.633480519056320190e-02,-4.782468080520629883e-02,-5.303824320435523987e-03
1.680000000000000071e+01,2.233686447143554688e+00,2.712728500366210938e+00,1.942060708999633789e+00,9.989600777626037598e-01,2.327461540699005127e-02,-3.880406916141510010e-02,-5.588056519627571106e-03
1.700000000000000000e+01,1.984987020492553711e+00,2.121931314468383789e+00,1.697230458259582520e+00,9.994004964828491211e-01,1.698429696261882782e-02,-2.964201010763645172e-02,-5.603837780654430389e-03
1.719999999999999929e+01,1.717731714248657227e+00,1.529112339019775391e+00,1.484645485877990723e+00,9.996380805969238281e-01,1.609354466199874878e-02,-2.085180021822452545e-02,-5.472639575600624084e-03
1.740000000000000213e+01,1.412782549858093262e+00,8.922446966171264648e-01,1.473806023597717285e+00,9.998241662979125977e-01,1.572465710341930389e-02,-8.743867278099060059e-03,-5.281091667711734772e-03
1.760000000000000142e+01,1.118723034858703613e+00,2.714551091194152832e-01,1.494861125946044922e+00,9.978898763656616211e-01,2.954895794391632080e-02,5.767709761857986450e-02,-4.000032786279916763e-03
1.780000000000000071e+01,8.748047351837158203e-01,-3.811940252780914307e-01,1.586296916007995605e+00,9.911240339279174805e-01,2.156503126025199890e-02,1.311757713556289673e-01,-1.007344573736190796e-03
1.800000000000000000e+01,7.510306239128112793e-01,-1.061016082763671875e+00,1.762869358062744141e+00,9.867768883705139160e-01,-1.243181060999631882e-03,1.620527058839797974e-01,2.951742382720112801e-03
1.819999999999999929e+01,7.619612812995910645e-01,-1.727483987808227539e+00,1.952307224273681641e+00,9.873847365379333496e-01,-1.686807721853256226e-02,1.573362052440643311e-01,5.672049708664417267e-03
1.840000000000000213e+01,8.891763091087341309e-01,-2.388491630554199219e+00,2.109129190444946289e+00,9.904369711875915527e-01,-2.286338806152343750e-02,1.358747482299804688e-01,7.063861936330795288e-03
1.860000000000000142e+01,1.109696507453918457e+00,-3.020334482192993164e+00,2.216923952102661133e+00,9.935937523841857910e-01,-2.235666662454605103e-02,1.105148568749427795e-01,7.622093893587589264e-03
1.880000000000000071e+01,1.413158059120178223e+00,-3.642216682434082031e+00,2.287575960159301758e+00,9.956102967262268066e-01,-2.349711582064628601e-02,9.022901207208633423e-02,8.163949474692344666e-03
1.900000000000000000e+01,1.782031178474426270e+00,-4.232083797454833984e+00,2.349764823913574219e+00,9.952080249786376953e-01,-4.411289468407630920e-02,8.668027073144912720e-02,1.007292978465557098e-02
1.920000000000000284e+01,2.209309577941894531e+00,-4.789940834045410156e+00,2.364463329315185547e+00,9.927315711975097656e-01,-7.817739248275756836e-02,9.059347212314605713e-02,1.284412108361721039e-02
1.940000000000000213e+01,2.689411878585815430e+00,-5.309814453125000000e+00,2.249916791915893555e+00,9.898093342781066895e-01,-1.124667972326278687e-01,8.579120039939880371e-02,1.638837717473506927e-02
1.960000000000000142e+01,3.230010271072387695e+00,-5.725740432739257812e+00,2.155080556869506836e+00,9.877492785453796387e-01,-1.375836431980133057e-01,7.078853994607925415e-02,2.027689665555953979e-02
1.980000000000000071e+01,3.824092388153076172e+00,-6.030267715454101562e+00,2.067636966705322266e+00,9.888121485710144043e-01,-1.374303996562957764e-01,5.334905907511711121e-02,2.274557761847972870e-02
2.000000000000000000e+01,4.462701797485351562e+00,-6.236199378967285156e+00,1.947503924369812012e+00,9.916259646415710449e-01,-1.207802668213844299e-01,3.893958777189254761e-02,2.395458891987800598e-02
2.020000000000000284e+01,5.125435829162597656e+00,-6.352746486663818359e+00,1.790076136589050293e+00,9.944860339164733887e-01,-9.775069355964660645e-02,2.912771888077259064e-02,2.437054738402366638e-02
2.040000000000000213e+01,5.805618762969970703e+00,-6.395098686218261719e+00,1.607246041297912598e+00,9.967117309570312500e-01,-7.371167093515396118e-02,2.321609295904636383e-02,2.435703389346599579e-02
2.060000000000000142e+01,6.499942302703857422e+00,-6.378351211547851562e+00,1.424966692924499512e+00,9.981412291526794434e-01,-5.282251536846160889e-02,1.830273307859897614e-02,2.426864765584468842e-02
2.080000000000000071e+01,7.187410354614257812e+00,-6.299188137054443359e+00,1.415045619010925293e+00,9.964634776115417480e-01,-7.974515110254287720e-02,-5.397422239184379578e-03,2.592707984149456024e-02
2.100000000000000000e+01,7.890973567962646484e+00,-6.130822658538818359e+00,1.529426813125610352e+00,9.872540831565856934e-01,-1.317253708839416504e-01,-8.341536670923233032e-02,3.193022683262825012e-02
2.120000000000000284e+01,8.508707046508789062e+00,-5.874533176422119141e+00,1.618677139282226562e+00,9.717066884040832520e-01,-1.474532335996627808e-01,-1.793290972709655762e-01,4.341360926628112793e-02
2.140000000000000213e+01,8.950859069824218750e+00,-5.488902091979980469e+00,1.761499643325805664e+00,9.696870446205139160e-01,-1.180378422141075134e-01,-2.072577327489852905e-01,5.308882147073745728e-02
2.160000000000000142e+01,9.239911079406738281e+00,-5.006609916687011719e+00,1.867093563079833984e+00,9.756132364273071289e-01,-8.637110143899917603e-02,-1.931171864271163940e-01,5.851868912577629089e-02
2.180000000000000071e+01,9.393993377685546875e+00,-4.491290569305419922e+00,1.876685857772827148e+00,9.826034307479858398e-01,-6.388422846794128418e-02,-1.634777188301086426e-01,6.069830060005187988e-02
2.200000000000000000e+01,9.439251899719238281e+00,-3.942459821701049805e+00,1.812380313873291016e+00,9.882405996322631836e-01,-4.834801331162452698e-02,-1.314144879579544067e-01,6.142662093043327332e-02
2.220000000000000284e+01,9.387681007385253906e+00,-3.349678993225097656e+00,1.699920177459716797e+00,9.922466278076171875e-01,-3.748049959540367126e-02,-1.012700423598289490e-01,6.153142824769020081e-02
2.240000000000000213e+01,9.256923675537109375e+00,-2.743945837020874023e+00,1.568712711334228516e+00,9.947769641876220703e-01,-3.044965304434299469e-02,-7.567856460809707642e-02,6.135433912277221680e-02
2.260000000000000142e+01,9.059593200683593750e+00,-2.110280275344848633e+00,1.447866797447204590e+00,9.964872002601623535e-01,-2.536443062126636505e-02,-5.141929909586906433e-02,6.104116141796112061e-02
2.280000000000000071e+01,8.817006111145019531e+00,-1.484853148460388184e+00,1.452458262443542480e+00,9.974793791770935059e-01,-2.242544665932655334e-02,-2.920997887849807739e-02,6.065306067466735840e-02
2.300000000000000000e+01,8.546924591064453125e+00,-8.366677165031433105e-01,1.464474320411682129e+00,9.979344010353088379e-01,-2.144571766257286072e-02,-6.736344657838344574e-03,6.017926335334777832e-02
2.320000000000000284e+01,8.263054847717285156e+00,-1.553873121738433838e-01,1.474119663238525391e+00,9.978208541870117188e-01,-2.096674963831901550e-02,1.901514083147048950e-02,5.960091575980186462e-02
2.340000000000000213e+01,7.998391628265380859e+00,5.302401185035705566e-01,1.490767598152160645e+00,9.969460368156433105e-01,-1.897656545042991638e-02,4.766605794429779053e-02,5.887761339545249939e-02
2.360000000000000142e+01,7.768879890441894531e+00,1.229030132293701172e+00,1.496383190155029297e+00,9.951685070991516113e-01,-1.528647914528846741e-02,7.772792875766754150e-02,5.800289288163185120e-02
2.380000000000000071e+01,7.596074581146240234e+00,1.949254751205444336e+00,1.485419988632202148e+00,9.944761991500854492e-01,-9.166173636913299561e-03,8.747045695781707764e-02,5.728824809193611145e-02
2.400000000000000000e+01,7.499898910522460938e+00,2.667993307113647461e+00,1.500788688659667969e+00,9.942722916603088379e-01,-4.726212471723556519e-03,9.037934988737106323e-02,5.684855580329895020e-02
2.420000000000000284e+01,7.468865394592285156e+00,3.390179157257080078e+00,1.488225579261779785e+00,9.954780340194702148e-01,-2.279138192534446716e-03,7.614321261644363403e-02,5.674882605671882629e-02
2.440000000000000213e+01,7.502472400665283203e+00,4.103825569152832031e+00,1.500457406044006348e+00,9.965457916259765625e-01,-1.997070154175162315e-03,6.053356826305389404e-02,5.681766197085380554e-02
2.460000000000000142e+01,7.575840950012207031e+00,4.817624092102050781e+00,1.450808048248291016e+00,9.977345466613769531e-01,-2.256995998322963715e-03,3.571568056941032410e-02,5.696641281247138977e-02
2.480000000000000071e+01,7.660696983337402344e+00,5.534855842590332031e+00,1.254705190658569336e+00,9.832354784011840820e-01,1.188769042491912842e-01,-1.252263486385345459e-01,5.860532820224761963e-02
2.500000000000000000e+01,7.627481460571289062e+00,6.113916873931884766e+00,1.149795532226562500e+00,9.650940299034118652e-01,1.988267153501510620e-01,-1.558812707662582397e-01,6.901178508996963501e-02
2.520000000000000284e+01,7.420558929443359375e+00,6.433564186096191406e+00,1.217987060546875000e+00,9.642092585563659668e-01,2.195628434419631958e-01,-1.251489073038101196e-01,8.018963038921356201e-02
2.540000000000000213e+01,7.096188068389892578e+00,6.497051715850830078e+00,1.399940609931945801e+00,9.693488478660583496e-01,2.114900201559066772e-01,-8.798807114362716675e-02,8.884195983409881592e-02
2.560000000000000142e+01,6.719825267791748047e+00,6.432559490203857422e+00,1.457682490348815918e+00,9.764773845672607422e-01,1.864693760871887207e-01,-5.002106353640556335e-02,9.601636976003646851e-02
2.580000000000000071e+01,6.337269306182861328e+00,6.264766693115234375e+00,1.385844826698303223e+00,9.827628731727600098e-01,1.533199548721313477e-01,-2.684881165623664856e-02,9.974677860736846924e-02
2.600000000000000000e+01,5.948054790496826172e+00,5.998004436492919922e+00,1.237873196601867676e+00,9.874238371849060059e-01,1.203392148017883301e-01,-1.547148078680038452e-02,1.013566181063652039e-01
2.620000000000000284e+01,5.551518440246582031e+00,5.640423297882080078e+00,1.046130537986755371e+00,9.905558228492736816e-01,9.104681015014648438e-02,-1.173444557934999466e-02,1.018425971269607544e-01
2.640000000000000213e+01,5.166059970855712891e+00,5.226493835449218750e+00,8.439643383026123047e-01,9.924750924110412598e-01,6.689873337745666504e-02,-1.305333804339170456e-02,1.017226427793502808e-01
2.660000000000000142e+01,4.771038532257080078e+00,4.755105495452880859e+00,6.380552053451538086e-01,9.936591386795043945e-01,4.541338980197906494e-02,-1.795848831534385681e-02,1.012749373912811279e-01
2.680000000000000071e+01,4.357142448425292969e+00,4.231849670410156250e+00,5.514431595802307129e-01,9.944241642951965332e-01,2.030122652649879456e-02,-2.408665046095848083e-02,1.006392985582351685e-01
2.700000000000000000e+01,3.918990135192871094e+00,3.677788257598876953e+00,5.312924981117248535e-01,9.943476319313049316e-01,-9.339451789855957031e-03,-3.537583351135253906e-02,9.967055171728134155e-02
2.720000000000000284e+01,3.480287075042724609e+00,3.155843734741210938e+00,4.276784062385559082e-01,9.935562014579772949e-01,-4.443583264946937561e-02,-3.503705561161041260e-02,9.820353239774703979e-02
2.740000000000000213e+01,2.997963190078735352e+00,2.677157163619995117e+00,4.797479808330535889e-01,9.860181808471679688e-01,-1.366060525178909302e-01,3.203798457980155945e-02,8.989100158214569092e-02
2.760000000000000142e+01,2.534005403518676758e+00,2.312878131866455078e+00,6.246531009674072266e-01,9.824182391166687012e-01,-1.164642572402954102e-01,1.243745386600494385e-01,7.629851996898651123e-02
2.780000000000000071e+01,2.141357898712158203e+00,2.036854743957519531e+00,7.423314452171325684e-01,9.797234535217285156e-01,-1.086434870958328247e-01,1.522244065999984741e-01,7.187720388174057007e-02
2.800000000000000000e+01,1.862496852874755859e+00,1.854449868202209473e+00,7.940440177917480469e-01,9.801660180091857910e-01,-1.038703247904777527e-01,1.530748754739761353e-01,7.108873128890991211e-02
2.820000000000000284e+01,1.674937248229980469e+00,1.745474219322204590e+00,7.840942740440368652e-01,9.825716614723205566e-01,-9.624277800321578979e-02,1.421787738800048828e-01,7.124223560094833374e-02
2.840000000000000213e+01,1.588186621665954590e+00,1.714149475097656250e+00,7.319576144218444824e-01,9.858130216598510742e-01,-8.509402722120285034e-02,1.257758587598800659e-01,7.149899750947952271e-02
2.860000000000000142e+01,1.586906194686889648e+00,1.751210331916809082e+00,6.572931408882141113e-01,9.894408583641052246e-01,-6.971250474452972412e-02,1.049450635910034180e-01,7.164878398180007935e-02
2.880000000000000071e+01,1.667508006095886230e+00,1.852660298347473145e+00,5.805696249008178711e-01,9.928692579269409180e-01,-5.056509375572204590e-02,8.074708282947540283e-02,7.164981961250305176e-02
2.900000000000000000e+01,1.809393167495727539e+00,1.997670531272888184e+00,5.225361585617065430e-01,9.954126477241516113e-01,-3.012131154537200928e-02,5.594285950064659119e-02,7.153131812810897827e-02
2.920000000000000284e+01,2.004689931869506836e+00,2.179037809371948242e+00,4.879276156425476074e-01,9.969575405120849609e-01,-8.654657751321792603e-03,3.021471202373504639e-02,7.132884114980697632e-02
2.940000000000000213e+01,2.213333845138549805e+00,2.359315156936645508e+00,4.796956479549407959e-01,9.973911046981811523e-01,9.815495461225509644e-03,7.687713950872421265e-03,7.110144197940826416e-02
2.960000000000000142e+01,2.441780090332031250e+00,2.542803287506103516e+00,4.901745617389678955e-01,9.970673918724060059e-01,2.587026171386241913e-02,-1.296461932361125946e-02,7.084671407938003540e-02
2.980000000000000071e+01,2.648662328720092773e+00,2.695176362991333008e+00,5.091651678085327148e-01,9.964246749877929688e-01,3.667217120528221130e-02,-2.841777540743350983e-02,7.060731947422027588e-02
